INSERT INTO OWNER (ID, FIRST_NAME, LAST_NAME, ADDRESS) VALUES(1, 'David', 'Blake','105 New Road');
INSERT INTO OWNER (ID, FIRST_NAME, LAST_NAME, ADDRESS) VALUES(2, 'Grace', 'Davidson','41 Lower Lane');
INSERT INTO OWNER (ID, FIRST_NAME, LAST_NAME, ADDRESS) VALUES(3, 'Eleanor', 'Bates','100 Coronation Road');
INSERT INTO OWNER (ID, FIRST_NAME, LAST_NAME, ADDRESS) VALUES(4, 'Laurie', 'Jaynie','500 Lower Brick Lane');
INSERT INTO OWNER (ID, FIRST_NAME, LAST_NAME, ADDRESS) VALUES(5, 'Annie', 'Smith','105 Coronation Road');


INSERT INTO PET (ID, NAME, ANIMAL_TYPE, AGE, OWNER_ID) VALUES(1, 'Dolly', 'Dog', 5, 1);
INSERT INTO PET (ID, NAME, ANIMAL_TYPE, AGE, OWNER_ID) VALUES(2, 'Millie', 'Cat', 10, 1);
INSERT INTO PET (ID, NAME, ANIMAL_TYPE, AGE, OWNER_ID) VALUES(3, 'Dolly', 'Fish', 1, 2);
INSERT INTO PET (ID, NAME, ANIMAL_TYPE, AGE, OWNER_ID) VALUES(4, 'Karen', 'Dog', 2, 4);
INSERT INTO PET (ID, NAME, ANIMAL_TYPE, AGE, OWNER_ID) VALUES(5, 'Olivia', 'Ferret', 3, 5);

INSERT INTO VET (ID, NAME, FOUNDING_YEAR) VALUES (1, 'Poor Paws', 2001);
INSERT INTO VET (ID, NAME, FOUNDING_YEAR) VALUES (2, 'Pet Rescue', 1990);
INSERT INTO VET (ID, NAME, FOUNDING_YEAR) VALUES (3, 'Animal Healing', 2005);
INSERT INTO VET (ID, NAME, FOUNDING_YEAR) VALUES (4, 'Aqua Expert', 2010);
INSERT INTO VET (ID, NAME, FOUNDING_YEAR) VALUES (5, 'Master Vet', 2015);


INSERT INTO ASSIGNMENTS (PET_ID, VET_ID) VALUES(1, 1);
INSERT INTO ASSIGNMENTS (PET_ID, VET_ID) VALUES(1, 3);
INSERT INTO ASSIGNMENTS (PET_ID, VET_ID) VALUES(2, 2);
INSERT INTO ASSIGNMENTS (PET_ID, VET_ID) VALUES(3, 4);
INSERT INTO ASSIGNMENTS (PET_ID, VET_ID) VALUES(3, 5);
INSERT INTO ASSIGNMENTS (PET_ID, VET_ID) VALUES(4, 5);
INSERT INTO ASSIGNMENTS (PET_ID, VET_ID) VALUES(4, 2);
